date,campaign_id,spend,impressions,clicks
2025-01-01,CMP001,452.85,29722,694
2025-01-01,CMP002,262.55,23469,1014
2025-01-01,CMP003,666.0,9092,438
2025-01-01,CMP004,646.38,12310,485
2025-01-01,CMP005,677.28,37899,521
2025-01-02,CMP001,430.32,19490,1202
2025-01-02,CMP002,299.22,14609,1093
2025-01-02,CMP003,667.0,8770,325
2025-01-02,CMP004,970.56,45591,1306
2025-01-02,CMP005,122.73,10049,196
2025-01-03,CMP001,278.8,30099,1331
2025-01-03,CMP002,642.07,12166,616
2025-01-03,CMP003,717.34,29137,2271
2025-01-03,CMP004,784.94,14430,878
2025-01-03,CMP005,244.36,14409,328
2025-01-04,CMP001,160.15,44625,2763
2025-01-04,CMP002,798.75,12443,807
2025-01-04,CMP003,814.96,49931,1600
2025-01-04,CMP004,834.85,5300,121
2025-01-04,CMP005,544.55,14661,210
2025-01-05,CMP001,491.16,17592,759
2025-01-05,CMP002,212.43,40103,3058
2025-01-05,CMP003,936.94,31604,2475
2025-01-05,CMP004,946.37,13404,1000
2025-01-05,CMP005,500.48,31050,1191
2025-01-06,CMP001,514.97,43127,2841
2025-01-06,CMP002,597.72,20452,1307
2025-01-06,CMP003,596.46,28273,626
2025-01-06,CMP004,105.27,27471,2065
2025-01-06,CMP005,455.75,31730,1742
2025-01-07,CMP001,201.97,29842,1592
2025-01-07,CMP002,992.27,45839,536
2025-01-07,CMP003,360.57,49056,3330
2025-01-07,CMP004,872.0,16084,609
2025-01-07,CMP005,579.1,19353,1253
2025-01-08,CMP001,480.24,34491,2177
2025-01-08,CMP002,630.54,42659,1384
2025-01-08,CMP003,151.13,45743,2570
2025-01-08,CMP004,159.71,39015,938
2025-01-08,CMP005,946.46,14670,890
2025-01-09,CMP001,104.56,9925,565
2025-01-09,CMP002,619.13,12996,499
2025-01-09,CMP003,959.23,19269,327
2025-01-09,CMP004,674.93,24057,1475
2025-01-09,CMP005,153.83,35356,2563
2025-01-10,CMP001,522.51,28434,333
2025-01-10,CMP002,577.15,8409,115
2025-01-10,CMP003,331.93,43358,3331
2025-01-10,CMP004,544.75,9515,429
2025-01-10,CMP005,184.66,14446,1105
2025-01-11,CMP001,906.21,45578,2179
2025-01-11,CMP002,925.98,17740,1318
2025-01-11,CMP003,968.97,49024,532
2025-01-11,CMP004,246.91,12955,153
2025-01-11,CMP005,386.48,10793,641
2025-01-12,CMP001,528.82,15591,622
2025-01-12,CMP002,831.01,11565,680
2025-01-12,CMP003,965.86,41700,1487
2025-01-12,CMP004,344.51,35175,2471
2025-01-12,CMP005,172.48,36601,1017
2025-01-13,CMP001,856.72,34478,2421
2025-01-13,CMP002,139.88,27401,2019
2025-01-13,CMP003,938.84,35272,1709
2025-01-13,CMP004,700.53,15995,179
2025-01-13,CMP005,381.88,39955,720
2025-01-14,CMP001,670.48,44474,1353
2025-01-14,CMP002,143.73,18618,734
2025-01-14,CMP003,750.67,48107,1290
2025-01-14,CMP004,354.08,28425,1231
2025-01-14,CMP005,287.37,32039,1669
2025-01-15,CMP001,243.53,32425,1836
2025-01-15,CMP002,901.0,8099,431
2025-01-15,CMP003,133.64,21101,1379
2025-01-15,CMP004,697.83,8018,354
2025-01-15,CMP005,354.34,38173,431
2025-01-16,CMP001,243.56,6856,362
2025-01-16,CMP002,888.69,40452,2623
2025-01-16,CMP003,385.79,18815,286
2025-01-16,CMP004,423.93,45040,2262
2025-01-16,CMP005,788.29,43662,1896
2025-01-17,CMP001,168.43,9305,227
2025-01-17,CMP002,461.43,16142,1185
2025-01-17,CMP003,591.28,48818,2872
2025-01-17,CMP004,840.25,15060,231
2025-01-17,CMP005,245.58,28686,882
2025-01-18,CMP001,176.87,6254,176
2025-01-18,CMP002,551.81,6456,317
2025-01-18,CMP003,784.91,7274,116
2025-01-18,CMP004,463.77,31053,653
2025-01-18,CMP005,727.3,21554,1561
2025-01-19,CMP001,692.97,18484,345
2025-01-19,CMP002,701.45,23022,1260
2025-01-19,CMP003,216.83,7388,278
2025-01-19,CMP004,887.72,14642,400
2025-01-19,CMP005,920.2,23642,1871
2025-01-20,CMP001,978.61,36838,2352
2025-01-20,CMP002,550.17,10193,136
2025-01-20,CMP003,905.24,32886,2539
2025-01-20,CMP004,400.45,48552,1078
2025-01-20,CMP005,904.94,30115,1177
2025-01-21,CMP001,875.03,11639,135
2025-01-21,CMP002,410.21,24445,1056
2025-01-21,CMP003,665.86,49508,1582
2025-01-21,CMP004,258.78,16965,564
2025-01-21,CMP005,326.15,29217,2141
2025-01-22,CMP001,329.59,26208,2011
2025-01-22,CMP002,287.11,44781,782
2025-01-22,CMP003,365.73,27194,1874
2025-01-22,CMP004,268.09,25082,627
2025-01-22,CMP005,201.74,14272,552
2025-01-23,CMP001,573.46,20933,500
2025-01-23,CMP002,894.17,41163,2730
2025-01-23,CMP003,609.75,18180,906
2025-01-23,CMP004,435.92,47638,2536
2025-01-23,CMP005,510.15,8954,181
2025-01-24,CMP001,350.39,9332,219
2025-01-24,CMP002,873.01,34363,922
2025-01-24,CMP003,523.5,25613,1747
2025-01-24,CMP004,259.2,17430,1197
2025-01-24,CMP005,763.34,11832,685
2025-01-25,CMP001,415.65,36783,1383
2025-01-25,CMP002,108.13,28607,1688
2025-01-25,CMP003,902.64,23114,1680
2025-01-25,CMP004,882.36,44093,1356
2025-01-25,CMP005,489.16,29852,1478
2025-01-26,CMP001,134.63,45041,2113
2025-01-26,CMP002,982.99,36416,1618
2025-01-26,CMP003,843.24,42080,1979
2025-01-26,CMP004,238.0,32767,1078
2025-01-26,CMP005,213.86,22657,1076
2025-01-27,CMP001,635.93,49883,2345
2025-01-27,CMP002,739.42,26703,508
2025-01-27,CMP003,123.66,22203,616
2025-01-27,CMP004,774.15,9896,606
2025-01-27,CMP005,941.48,34315,2595
2025-01-28,CMP001,105.97,32258,337
2025-01-28,CMP002,172.57,18648,1431
2025-01-28,CMP003,545.63,32963,831
2025-01-28,CMP004,132.77,32971,759
2025-01-28,CMP005,422.23,21411,1428
2025-01-29,CMP001,485.06,22749,396
2025-01-29,CMP002,691.79,17247,584
2025-01-29,CMP003,636.12,9407,231
2025-01-29,CMP004,802.0,49659,3284
2025-01-29,CMP005,759.3,22258,509
2025-01-30,CMP001,150.6,23501,1697
2025-01-30,CMP002,190.68,39321,478
2025-01-30,CMP003,842.01,25398,1305
2025-01-30,CMP004,483.16,39431,1285
2025-01-30,CMP005,986.37,15145,1208
2025-01-31,CMP001,514.17,19373,479
2025-01-31,CMP002,705.95,23800,1521
2025-01-31,CMP003,296.31,8871,595
2025-01-31,CMP004,355.11,49745,507
2025-01-31,CMP005,957.63,32160,1218
2025-02-01,CMP001,512.66,36412,1621
2025-02-01,CMP002,704.47,17794,718
2025-02-01,CMP003,923.02,26069,1281
2025-02-01,CMP004,434.04,31928,349
2025-02-01,CMP005,435.03,8586,173
2025-02-02,CMP001,321.69,18423,932
2025-02-02,CMP002,871.81,44113,1467
2025-02-02,CMP003,567.76,17464,570
2025-02-02,CMP004,350.99,48967,3611
2025-02-02,CMP005,623.15,43191,1665
2025-02-03,CMP001,293.38,26044,1104
2025-02-03,CMP002,151.39,37126,2618
2025-02-03,CMP003,160.68,23453,980
2025-02-03,CMP004,605.24,46390,3003
2025-02-03,CMP005,794.34,48549,1837
2025-02-04,CMP001,863.64,34130,1288
2025-02-04,CMP002,607.78,35392,2759
2025-02-04,CMP003,189.94,28768,1842
2025-02-04,CMP004,232.05,33729,2072
2025-02-04,CMP005,601.72,16190,525
2025-02-05,CMP001,968.48,30369,1961
2025-02-05,CMP002,489.0,27319,425
2025-02-05,CMP003,152.57,32004,2003
2025-02-05,CMP004,727.55,46983,2930
2025-02-05,CMP005,311.87,8977,486
2025-02-06,CMP001,144.41,6027,157
2025-02-06,CMP002,158.43,39354,911
2025-02-06,CMP003,297.17,5519,125
2025-02-06,CMP004,958.57,39801,3004
2025-02-06,CMP005,578.81,44246,819
2025-02-07,CMP001,838.82,15954,1120
2025-02-07,CMP002,841.98,36860,1817
2025-02-07,CMP003,687.25,43870,493
2025-02-07,CMP004,803.89,30059,327
2025-02-07,CMP005,610.41,14543,163
2025-02-08,CMP001,828.36,10866,453
2025-02-08,CMP002,618.31,10207,441
2025-02-08,CMP003,338.1,27298,1042
2025-02-08,CMP004,312.2,7430,219
2025-02-08,CMP005,893.74,25491,975
2025-02-09,CMP001,717.97,16813,1275
2025-02-09,CMP002,552.83,15751,525
2025-02-09,CMP003,738.58,21726,757
2025-02-09,CMP004,921.84,12252,389
2025-02-09,CMP005,611.34,41251,1243
2025-02-10,CMP001,487.12,22284,1046
2025-02-10,CMP002,715.57,26988,1885
2025-02-10,CMP003,198.18,38198,1548
2025-02-10,CMP004,919.05,25082,1573
2025-02-10,CMP005,441.16,30198,491
2025-02-11,CMP001,594.72,24833,636
2025-02-11,CMP002,832.02,44097,1232
2025-02-11,CMP003,287.74,33748,1616
2025-02-11,CMP004,283.49,6629,344
2025-02-11,CMP005,884.68,6299,66
2025-02-12,CMP001,588.6,19881,248
2025-02-12,CMP002,790.47,5642,87
2025-02-12,CMP003,827.16,8246,636
2025-02-12,CMP004,482.97,27441,1951
2025-02-12,CMP005,572.94,26859,1965
2025-02-13,CMP001,788.66,21528,758
2025-02-13,CMP002,984.48,27075,1960
2025-02-13,CMP003,658.67,18250,371
2025-02-13,CMP004,651.79,29205,1004
2025-02-13,CMP005,173.95,45586,2651
2025-02-14,CMP001,321.83,38147,1840
2025-02-14,CMP002,834.91,25248,772
2025-02-14,CMP003,780.12,24079,1391
2025-02-14,CMP004,843.08,44649,548
2025-02-14,CMP005,528.46,35463,873
2025-02-15,CMP001,920.54,46667,1592
2025-02-15,CMP002,166.43,27969,1442
2025-02-15,CMP003,109.43,42970,2220
2025-02-15,CMP004,190.6,38225,1644
2025-02-15,CMP005,966.83,11673,887
2025-02-16,CMP001,773.13,23216,1573
2025-02-16,CMP002,379.69,49927,2448
2025-02-16,CMP003,887.86,26740,622
2025-02-16,CMP004,886.24,28420,1187
2025-02-16,CMP005,168.07,28470,1490
2025-02-17,CMP001,788.1,20689,244
2025-02-17,CMP002,848.58,6079,438
2025-02-17,CMP003,399.02,18803,1142
2025-02-17,CMP004,361.06,42665,2891
2025-02-17,CMP005,571.56,26111,941
2025-02-18,CMP001,306.94,34497,1668
2025-02-18,CMP002,301.93,32986,976
2025-02-18,CMP003,745.15,46723,2344
2025-02-18,CMP004,517.12,9234,279
2025-02-18,CMP005,928.73,25952,501
2025-02-19,CMP001,712.33,43175,2978
2025-02-19,CMP002,650.57,20590,1088
2025-02-19,CMP003,992.79,38098,1554
2025-02-19,CMP004,384.77,32744,1176
2025-02-19,CMP005,846.41,32040,2284
2025-02-20,CMP001,167.07,29495,1947
2025-02-20,CMP002,648.3,10210,146
2025-02-20,CMP003,232.0,9396,130
2025-02-20,CMP004,931.21,41618,1470
2025-02-20,CMP005,815.76,41365,2217
2025-02-21,CMP001,121.71,45290,1435
2025-02-21,CMP002,840.22,36567,1495
2025-02-21,CMP003,702.04,19012,1166
2025-02-21,CMP004,593.41,34745,1918
2025-02-21,CMP005,316.31,12440,156
2025-02-22,CMP001,990.72,23326,1211
2025-02-22,CMP002,297.91,10966,571
2025-02-22,CMP003,392.0,25889,1080
2025-02-22,CMP004,980.11,32622,462
2025-02-22,CMP005,230.78,41211,1162
2025-02-23,CMP001,202.71,26982,2069
2025-02-23,CMP002,631.0,37266,579
2025-02-23,CMP003,681.4,15662,888
2025-02-23,CMP004,810.21,33721,2156
2025-02-23,CMP005,548.68,20072,824
2025-02-24,CMP001,940.1,39650,2852
2025-02-24,CMP002,212.26,10895,515
2025-02-24,CMP003,246.08,44458,2460
2025-02-24,CMP004,899.44,47097,2513
2025-02-24,CMP005,810.66,38336,1294
2025-02-25,CMP001,573.3,25619,636
2025-02-25,CMP002,522.03,42362,2608
2025-02-25,CMP003,495.41,43616,947
2025-02-25,CMP004,972.95,44384,2280
2025-02-25,CMP005,431.74,5567,252
2025-02-26,CMP001,194.49,33842,2120
2025-02-26,CMP002,775.91,21498,1510
2025-02-26,CMP003,744.13,16053,461
2025-02-26,CMP004,944.75,17959,1411
2025-02-26,CMP005,189.65,11049,167
2025-02-27,CMP001,377.83,29712,654
2025-02-27,CMP002,525.15,10630,233
2025-02-27,CMP003,948.2,42018,1478
2025-02-27,CMP004,545.4,48645,1164
2025-02-27,CMP005,112.32,48417,1311
2025-02-28,CMP001,135.82,32633,1847
2025-02-28,CMP002,131.53,24724,1822
2025-02-28,CMP003,366.75,10580,550
2025-02-28,CMP004,820.13,39362,785
2025-02-28,CMP005,657.41,46355,3448
2025-03-01,CMP001,215.16,39051,920
2025-03-01,CMP002,210.04,22908,1683
2025-03-01,CMP003,177.04,6274,278
2025-03-01,CMP004,667.38,15027,566
2025-03-01,CMP005,236.61,22759,1676
2025-03-02,CMP001,312.16,10845,835
2025-03-02,CMP002,564.39,6453,186
2025-03-02,CMP003,303.37,36308,2182
2025-03-02,CMP004,447.0,12056,285
2025-03-02,CMP005,507.13,6594,93
2025-03-03,CMP001,137.22,26552,867
2025-03-03,CMP002,215.9,20028,421
2025-03-03,CMP003,410.42,15008,820
2025-03-03,CMP004,186.91,26841,1923
2025-03-03,CMP005,253.69,42652,2329
2025-03-04,CMP001,495.97,19063,393
2025-03-04,CMP002,950.22,16286,1068
2025-03-04,CMP003,873.4,5942,257
2025-03-04,CMP004,843.12,47000,1908
2025-03-04,CMP005,622.44,45894,1671
2025-03-05,CMP001,555.01,37452,1233
2025-03-05,CMP002,229.18,17782,1046
2025-03-05,CMP003,487.09,8505,247
2025-03-05,CMP004,880.27,18060,1320
2025-03-05,CMP005,937.22,36227,959
2025-03-06,CMP001,693.73,26231,633
2025-03-06,CMP002,759.04,17431,402
2025-03-06,CMP003,867.84,34117,469
2025-03-06,CMP004,151.23,23755,997
2025-03-06,CMP005,732.78,17812,1196
2025-03-07,CMP001,936.02,24167,1826
2025-03-07,CMP002,530.35,19955,718
2025-03-07,CMP003,771.43,19338,590
2025-03-07,CMP004,733.51,34822,1787
2025-03-07,CMP005,368.93,44115,3144
2025-03-08,CMP001,286.34,44111,1292
2025-03-08,CMP002,642.61,9395,538
2025-03-08,CMP003,802.24,29011,341
2025-03-08,CMP004,694.36,41624,1129
2025-03-08,CMP005,547.12,25772,573
2025-03-09,CMP001,918.89,8799,96
2025-03-09,CMP002,517.23,7858,485
2025-03-09,CMP003,904.4,25230,736
2025-03-09,CMP004,754.7,45757,3352
2025-03-09,CMP005,565.75,48940,3547
2025-03-10,CMP001,382.09,39716,1156
2025-03-10,CMP002,880.68,27743,523
2025-03-10,CMP003,169.56,12002,821
2025-03-10,CMP004,887.1,31453,2511
2025-03-10,CMP005,212.49,42447,3374
2025-03-11,CMP001,969.57,7724,414
2025-03-11,CMP002,841.7,21145,307
2025-03-11,CMP003,811.7,35830,2444
2025-03-11,CMP004,465.21,6762,122
2025-03-11,CMP005,566.98,43993,2534
2025-03-12,CMP001,347.79,34887,2313
2025-03-12,CMP002,116.86,40144,1275
2025-03-12,CMP003,719.07,35315,1797
2025-03-12,CMP004,806.32,28538,1372
2025-03-12,CMP005,552.17,25336,1606
2025-03-13,CMP001,968.77,27394,1425
2025-03-13,CMP002,315.29,19281,437
2025-03-13,CMP003,333.31,35550,428
2025-03-13,CMP004,435.1,46659,1212
2025-03-13,CMP005,921.6,13189,897
2025-03-14,CMP001,132.48,40223,2403
2025-03-14,CMP002,568.81,44363,2259
2025-03-14,CMP003,239.29,13585,828
2025-03-14,CMP004,555.77,19045,856
2025-03-14,CMP005,715.36,13059,426
2025-03-15,CMP001,751.76,45579,1117
2025-03-15,CMP002,170.61,31674,1731
2025-03-15,CMP003,835.42,45226,1016
2025-03-15,CMP004,294.81,25347,991
2025-03-15,CMP005,745.01,11020,461
2025-03-16,CMP001,271.17,35409,474
2025-03-16,CMP002,724.57,20283,1390
2025-03-16,CMP003,461.76,8470,358
2025-03-16,CMP004,489.28,21797,905
2025-03-16,CMP005,881.97,36234,2622
2025-03-17,CMP001,363.61,37432,1821
2025-03-17,CMP002,295.04,24534,268
2025-03-17,CMP003,870.31,48098,573
2025-03-17,CMP004,494.18,35337,1071
2025-03-17,CMP005,621.41,29844,1187
2025-03-18,CMP001,624.41,27493,1530
2025-03-18,CMP002,261.85,25089,750
2025-03-18,CMP003,474.27,47138,724
2025-03-18,CMP004,358.68,41303,2778
2025-03-18,CMP005,577.47,43996,605
2025-03-19,CMP001,953.71,24129,263
2025-03-19,CMP002,533.07,40100,3061
2025-03-19,CMP003,510.55,35313,1204
2025-03-19,CMP004,399.39,48741,3080
2025-03-19,CMP005,257.53,45828,932
2025-03-20,CMP001,232.2,48148,3738
2025-03-20,CMP002,930.43,5255,350
2025-03-20,CMP003,164.59,23219,1467
2025-03-20,CMP004,794.27,31564,2524
2025-03-20,CMP005,771.85,26089,1542
2025-03-21,CMP001,746.46,22293,1722
2025-03-21,CMP002,217.88,15910,464
2025-03-21,CMP003,591.05,5496,382
2025-03-21,CMP004,443.7,21917,418
2025-03-21,CMP005,436.53,32951,1435
2025-03-22,CMP001,981.1,35343,1419
2025-03-22,CMP002,525.64,29971,2025
2025-03-22,CMP003,776.37,42262,689
2025-03-22,CMP004,558.79,28753,860
2025-03-22,CMP005,577.73,13796,878
2025-03-23,CMP001,699.59,16576,766
2025-03-23,CMP002,753.34,36629,1292
2025-03-23,CMP003,783.15,28104,1815
2025-03-23,CMP004,345.51,34879,2645
2025-03-23,CMP005,121.37,37502,1734
2025-03-24,CMP001,839.0,38823,938
2025-03-24,CMP002,198.9,29756,1063
2025-03-24,CMP003,524.31,26881,1556
2025-03-24,CMP004,287.74,8346,632
2025-03-24,CMP005,975.78,9211,653
2025-03-25,CMP001,526.9,20005,572
2025-03-25,CMP002,913.17,17222,667
2025-03-25,CMP003,409.18,35912,1728
2025-03-25,CMP004,940.9,47132,3355
2025-03-25,CMP005,599.14,19824,776
2025-03-26,CMP001,936.58,37482,2018
2025-03-26,CMP002,872.51,34008,2119
2025-03-26,CMP003,626.79,42751,3043
2025-03-26,CMP004,990.38,24570,432
2025-03-26,CMP005,531.97,36292,394
2025-03-27,CMP001,945.07,8331,520
2025-03-27,CMP002,472.99,43876,2285
2025-03-27,CMP003,550.56,5573,305
2025-03-27,CMP004,973.91,49185,2818
2025-03-27,CMP005,905.31,20866,1010
2025-03-28,CMP001,313.24,35347,614
2025-03-28,CMP002,659.83,25377,337
2025-03-28,CMP003,903.43,29150,381
2025-03-28,CMP004,351.08,14412,569
2025-03-28,CMP005,901.72,49805,811
2025-03-29,CMP001,842.93,40452,2216
2025-03-29,CMP002,972.74,19355,1285
2025-03-29,CMP003,983.75,29978,2050
2025-03-29,CMP004,164.34,39340,2066
2025-03-29,CMP005,968.91,44311,1136
2025-03-30,CMP001,950.66,6897,279
2025-03-30,CMP002,275.46,25245,597
2025-03-30,CMP003,601.23,15474,395
2025-03-30,CMP004,682.5,41096,861
2025-03-30,CMP005,482.01,12589,536
2025-03-31,CMP001,652.15,40248,521
2025-03-31,CMP002,843.16,47394,1743
2025-03-31,CMP003,109.58,39163,2048
2025-03-31,CMP004,705.04,20863,1471
2025-03-31,CMP005,274.6,14918,457
2025-04-01,CMP001,734.31,42472,2275
2025-04-01,CMP002,111.53,34521,2684
2025-04-01,CMP003,710.36,21379,730
2025-04-01,CMP004,956.94,36898,536
2025-04-01,CMP005,813.9,5573,199
2025-04-02,CMP001,444.3,45048,2662
2025-04-02,CMP002,130.95,8008,266
2025-04-02,CMP003,779.71,21204,743
2025-04-02,CMP004,264.55,21373,807
2025-04-02,CMP005,389.94,18852,277
2025-04-03,CMP001,757.44,30156,2349
2025-04-03,CMP002,741.29,13085,780
2025-04-03,CMP003,285.61,8838,274
2025-04-03,CMP004,713.02,7465,314
2025-04-03,CMP005,550.79,40713,435
2025-04-04,CMP001,643.12,47489,2060
2025-04-04,CMP002,479.88,44874,1253
2025-04-04,CMP003,305.31,43330,930
2025-04-04,CMP004,866.88,17617,955
2025-04-04,CMP005,245.82,8083,212
2025-04-05,CMP001,406.45,38190,1022
2025-04-05,CMP002,139.94,45169,810
2025-04-05,CMP003,477.66,47236,1138
2025-04-05,CMP004,975.32,20392,383
2025-04-05,CMP005,809.22,31056,2330
2025-04-06,CMP001,960.25,26363,1571
2025-04-06,CMP002,377.31,31481,879
2025-04-06,CMP003,551.31,49863,2299
2025-04-06,CMP004,428.31,22524,1265
2025-04-06,CMP005,603.29,13092,292
2025-04-07,CMP001,646.27,24345,1438
2025-04-07,CMP002,895.15,35856,1973
2025-04-07,CMP003,271.21,33568,2102
2025-04-07,CMP004,255.75,28293,811
2025-04-07,CMP005,525.72,11598,231
2025-04-08,CMP001,591.03,48572,1324
2025-04-08,CMP002,181.84,44821,963
2025-04-08,CMP003,178.13,32167,832
2025-04-08,CMP004,810.75,13099,719
2025-04-08,CMP005,204.81,18299,1353
2025-04-09,CMP001,250.99,19222,795
2025-04-09,CMP002,206.07,48113,1411
2025-04-09,CMP003,486.64,18940,262
2025-04-09,CMP004,341.18,5149,322
2025-04-09,CMP005,320.03,18147,506
2025-04-10,CMP001,827.7,48291,937
2025-04-10,CMP002,146.21,48793,1128
2025-04-10,CMP003,519.76,24764,1328
2025-04-10,CMP004,361.37,19930,918
2025-04-10,CMP005,437.35,30129,881
2025-04-11,CMP001,979.65,45378,2293
2025-04-11,CMP002,208.55,23364,267
2025-04-11,CMP003,542.41,25654,466
2025-04-11,CMP004,726.25,13162,434
2025-04-11,CMP005,234.56,28521,1100
2025-04-12,CMP001,875.43,15712,865
2025-04-12,CMP002,346.44,28767,1969
2025-04-12,CMP003,407.79,41704,1402
2025-04-12,CMP004,768.96,19158,279
2025-04-12,CMP005,676.31,23598,1526
2025-04-13,CMP001,336.36,11685,529
2025-04-13,CMP002,701.02,45107,2656
2025-04-13,CMP003,508.89,36872,2070
2025-04-13,CMP004,348.58,33248,2424
2025-04-13,CMP005,655.37,47785,2930
2025-04-14,CMP001,436.09,31521,851
2025-04-14,CMP002,425.83,9717,395
2025-04-14,CMP003,662.19,19223,248
2025-04-14,CMP004,943.32,38361,1541
2025-04-14,CMP005,563.83,49416,2683
2025-04-15,CMP001,159.16,21848,524
2025-04-15,CMP002,981.61,6492,316
2025-04-15,CMP003,960.38,13743,691
2025-04-15,CMP004,210.38,20421,1056
2025-04-15,CMP005,449.78,43114,1732
2025-04-16,CMP001,726.31,18009,641
2025-04-16,CMP002,938.24,22456,893
2025-04-16,CMP003,804.74,22212,1492
2025-04-16,CMP004,816.36,25678,292
2025-04-16,CMP005,284.36,13830,434
2025-04-17,CMP001,770.37,25177,1840
2025-04-17,CMP002,491.92,10272,664
2025-04-17,CMP003,676.61,26788,1550
2025-04-17,CMP004,455.41,10643,784
2025-04-17,CMP005,126.27,29520,565
2025-04-18,CMP001,233.02,9167,253
2025-04-18,CMP002,185.62,36042,1626
2025-04-18,CMP003,852.4,23518,237
2025-04-18,CMP004,862.53,15773,395
2025-04-18,CMP005,892.73,49573,746
2025-04-19,CMP001,208.22,12098,241
2025-04-19,CMP002,203.5,13782,841
2025-04-19,CMP003,102.83,14746,212
2025-04-19,CMP004,762.65,43561,901
2025-04-19,CMP005,784.36,33375,1751
2025-04-20,CMP001,336.1,38493,1696
2025-04-20,CMP002,375.8,29845,1112
2025-04-20,CMP003,958.99,35954,2463
2025-04-20,CMP004,209.19,44301,2375
2025-04-20,CMP005,677.77,36438,2167
2025-04-21,CMP001,529.35,35611,1099
2025-04-21,CMP002,482.88,7049,390
2025-04-21,CMP003,407.48,38751,2449
2025-04-21,CMP004,591.47,34067,2035
2025-04-21,CMP005,450.1,31193,616
2025-04-22,CMP001,938.8,38107,1655
2025-04-22,CMP002,139.2,15184,526
2025-04-22,CMP003,630.97,47001,2144
2025-04-22,CMP004,333.92,35905,2256
2025-04-22,CMP005,232.12,24383,1773
2025-04-23,CMP001,619.96,6782,370
2025-04-23,CMP002,259.83,48505,2429
2025-04-23,CMP003,767.96,48544,2187
2025-04-23,CMP004,960.29,25725,1284
2025-04-23,CMP005,459.82,40549,1536
2025-04-24,CMP001,748.84,39968,2058
2025-04-24,CMP002,335.34,11716,365
2025-04-24,CMP003,851.43,40531,2990
2025-04-24,CMP004,187.22,14536,456
2025-04-24,CMP005,223.09,42675,498
2025-04-25,CMP001,913.23,10116,339
2025-04-25,CMP002,152.39,49391,645
2025-04-25,CMP003,906.88,34661,2423
2025-04-25,CMP004,907.31,20365,1583
2025-04-25,CMP005,134.17,41471,1937
2025-04-26,CMP001,694.74,33916,1578
2025-04-26,CMP002,967.95,5375,345
2025-04-26,CMP003,587.09,24643,271
2025-04-26,CMP004,378.47,15141,270
2025-04-26,CMP005,820.43,30419,1783
2025-04-27,CMP001,602.15,42595,499
2025-04-27,CMP002,415.89,41310,1145
2025-04-27,CMP003,141.26,33368,1996
2025-04-27,CMP004,354.3,44347,2197
2025-04-27,CMP005,587.9,31401,2358
2025-04-28,CMP001,556.43,14914,965
2025-04-28,CMP002,781.05,18369,1195
2025-04-28,CMP003,867.21,43683,1572
2025-04-28,CMP004,900.96,11652,570
2025-04-28,CMP005,428.06,21956,894
2025-04-29,CMP001,720.35,42034,1255
2025-04-29,CMP002,619.47,28960,1313
2025-04-29,CMP003,306.73,11098,399
2025-04-29,CMP004,160.76,35578,1490
2025-04-29,CMP005,501.28,29106,1606
2025-04-30,CMP001,257.94,39722,835
2025-04-30,CMP002,514.84,31829,1395
2025-04-30,CMP003,874.8,34051,1601
2025-04-30,CMP004,271.74,33724,1879
2025-04-30,CMP005,802.68,14631,679
2025-05-01,CMP001,540.5,14637,712
2025-05-01,CMP002,807.84,24892,1884
2025-05-01,CMP003,605.98,20810,1307
2025-05-01,CMP004,485.62,35216,2713
2025-05-01,CMP005,199.97,9401,95
2025-05-02,CMP001,291.29,19779,785
2025-05-02,CMP002,375.9,29057,2238
2025-05-02,CMP003,415.31,21774,1496
2025-05-02,CMP004,463.58,45945,1080
2025-05-02,CMP005,878.0,47302,2880
2025-05-03,CMP001,479.58,32317,1400
2025-05-03,CMP002,806.35,21257,668
2025-05-03,CMP003,278.4,37750,830
2025-05-03,CMP004,475.66,11719,181
2025-05-03,CMP005,405.67,11186,366
2025-05-04,CMP001,935.3,41099,761
2025-05-04,CMP002,660.82,31885,1739
2025-05-04,CMP003,365.27,10849,624
2025-05-04,CMP004,948.09,7438,577
2025-05-04,CMP005,796.95,9774,145
2025-05-05,CMP001,423.24,29138,936
2025-05-05,CMP002,895.99,21979,340
2025-05-05,CMP003,345.21,48970,2388
2025-05-05,CMP004,482.44,24154,1338
2025-05-05,CMP005,602.33,45167,736
2025-05-06,CMP001,324.32,45491,2074
2025-05-06,CMP002,764.81,47762,3807
2025-05-06,CMP003,235.04,9287,500
2025-05-06,CMP004,266.03,34239,1895
2025-05-06,CMP005,859.35,30388,2342
2025-05-07,CMP001,163.31,43008,2945
2025-05-07,CMP002,890.69,12100,774
2025-05-07,CMP003,980.37,32283,677
2025-05-07,CMP004,938.1,48696,2833
2025-05-07,CMP005,182.78,20414,1604
2025-05-08,CMP001,196.56,33856,1461
2025-05-08,CMP002,376.15,48043,3099
2025-05-08,CMP003,799.7,17950,582
2025-05-08,CMP004,124.54,13565,553
2025-05-08,CMP005,237.43,31637,1049
2025-05-09,CMP001,587.83,48040,2506
2025-05-09,CMP002,609.32,36324,396
2025-05-09,CMP003,722.49,12948,857
2025-05-09,CMP004,958.31,41202,746
2025-05-09,CMP005,825.69,30446,1316
2025-05-10,CMP001,861.01,33116,469
2025-05-10,CMP002,257.33,6431,251
2025-05-10,CMP003,705.86,24695,1539
2025-05-10,CMP004,277.67,17839,1317
2025-05-10,CMP005,286.73,8124,82
2025-05-11,CMP001,899.38,16165,347
2025-05-11,CMP002,252.91,39750,2128
2025-05-11,CMP003,154.22,26967,477
2025-05-11,CMP004,250.99,12792,362
2025-05-11,CMP005,925.75,49511,3447
2025-05-12,CMP001,824.78,26197,1230
2025-05-12,CMP002,809.83,17912,443
2025-05-12,CMP003,725.3,44388,620
2025-05-12,CMP004,788.99,35890,578
2025-05-12,CMP005,810.9,11248,399
2025-05-13,CMP001,793.41,46595,2638
2025-05-13,CMP002,292.69,16640,593
2025-05-13,CMP003,926.42,7708,289
2025-05-13,CMP004,640.18,43847,548
2025-05-13,CMP005,101.76,8939,642
2025-05-14,CMP001,834.45,49767,2493
2025-05-14,CMP002,110.42,11784,813
2025-05-14,CMP003,398.05,28228,1527
2025-05-14,CMP004,622.45,45251,858
2025-05-14,CMP005,525.35,26387,1422
2025-05-15,CMP001,243.96,19062,1149
2025-05-15,CMP002,983.72,47504,3112
2025-05-15,CMP003,567.22,22884,244
2025-05-15,CMP004,649.09,14130,970
2025-05-15,CMP005,943.22,48220,2945
2025-05-16,CMP001,451.07,32565,380
2025-05-16,CMP002,624.58,23454,472
2025-05-16,CMP003,922.22,20769,655
2025-05-16,CMP004,401.1,34321,1712
2025-05-16,CMP005,435.09,9158,460
2025-05-17,CMP001,496.15,47746,1173
2025-05-17,CMP002,268.8,34618,803
2025-05-17,CMP003,703.32,45082,3075
2025-05-17,CMP004,843.46,9340,678
2025-05-17,CMP005,646.2,38142,1494
2025-05-18,CMP001,952.11,9764,313
2025-05-18,CMP002,128.18,11110,338
2025-05-18,CMP003,463.71,19129,633
2025-05-18,CMP004,909.61,40514,2466
2025-05-18,CMP005,276.71,46816,3015
2025-05-19,CMP001,443.97,43788,3254
2025-05-19,CMP002,789.38,20288,218
2025-05-19,CMP003,725.51,21734,760
2025-05-19,CMP004,434.97,9327,472
2025-05-19,CMP005,293.94,46069,2007
2025-05-20,CMP001,513.85,8776,258
2025-05-20,CMP002,392.37,7634,239
2025-05-20,CMP003,875.99,37770,764
2025-05-20,CMP004,482.84,15448,1090
2025-05-20,CMP005,528.43,38805,1523
2025-05-21,CMP001,172.09,24172,1014
2025-05-21,CMP002,399.55,16475,1060
2025-05-21,CMP003,808.67,27172,327
2025-05-21,CMP004,950.37,18197,1044
2025-05-21,CMP005,448.8,44910,1229
2025-05-22,CMP001,271.51,12506,300
2025-05-22,CMP002,480.51,10045,599
2025-05-22,CMP003,892.4,7072,133
2025-05-22,CMP004,670.04,16583,1247
2025-05-22,CMP005,716.2,46725,2348
2025-05-23,CMP001,181.45,34948,1008
2025-05-23,CMP002,866.05,10556,252
2025-05-23,CMP003,346.46,35741,2135
2025-05-23,CMP004,257.47,27467,434
2025-05-23,CMP005,498.06,14646,1019
2025-05-24,CMP001,117.63,21087,1374
2025-05-24,CMP002,294.22,21599,442
2025-05-24,CMP003,259.19,47328,954
2025-05-24,CMP004,186.13,23396,1042
2025-05-24,CMP005,462.99,23823,1715
2025-05-25,CMP001,720.06,45119,3418
2025-05-25,CMP002,834.2,36189,735
2025-05-25,CMP003,284.94,32494,385
2025-05-25,CMP004,627.28,26722,1141
2025-05-25,CMP005,915.65,31565,663
2025-05-26,CMP001,458.25,27090,864
2025-05-26,CMP002,580.52,15812,1215
2025-05-26,CMP003,907.67,12947,443
2025-05-26,CMP004,645.88,11207,283
2025-05-26,CMP005,827.45,15229,1096
2025-05-27,CMP001,434.23,28831,1067
2025-05-27,CMP002,658.55,11599,196
2025-05-27,CMP003,584.33,44773,1887
2025-05-27,CMP004,142.59,34999,2777
2025-05-27,CMP005,668.61,18361,585
2025-05-28,CMP001,460.52,46843,695
2025-05-28,CMP002,348.1,38008,2007
2025-05-28,CMP003,789.12,48536,3669
2025-05-28,CMP004,654.8,17650,894
2025-05-28,CMP005,464.73,18205,922
2025-05-29,CMP001,913.88,41167,2347
2025-05-29,CMP002,967.48,36800,660
2025-05-29,CMP003,518.67,24840,510
2025-05-29,CMP004,142.44,36915,1274
2025-05-29,CMP005,527.33,9267,418
2025-05-30,CMP001,638.18,13265,562
2025-05-30,CMP002,334.03,30495,1119
2025-05-30,CMP003,691.44,27878,2168
2025-05-30,CMP004,984.02,30364,650
2025-05-30,CMP005,173.4,6854,229
2025-05-31,CMP001,126.02,40761,744
2025-05-31,CMP002,410.98,26950,1741
2025-05-31,CMP003,876.86,12319,515
2025-05-31,CMP004,667.07,25353,405
2025-05-31,CMP005,207.61,27542,951
2025-06-01,CMP001,249.03,18091,771
2025-06-01,CMP002,812.43,16951,1346
2025-06-01,CMP003,247.11,32614,1446
2025-06-01,CMP004,205.93,44182,1128
2025-06-01,CMP005,864.68,26815,407
2025-06-02,CMP001,871.1,33067,418
2025-06-02,CMP002,837.39,5364,283
2025-06-02,CMP003,425.34,10782,842
2025-06-02,CMP004,302.16,35208,1077
2025-06-02,CMP005,631.29,47895,3156
2025-06-03,CMP001,590.2,24120,580
2025-06-03,CMP002,552.35,26445,1797
2025-06-03,CMP003,763.29,42368,1432
2025-06-03,CMP004,842.74,49883,3812
2025-06-03,CMP005,234.71,23908,1658
2025-06-04,CMP001,548.09,47218,606
2025-06-04,CMP002,321.92,10246,114
2025-06-04,CMP003,211.85,22784,541
2025-06-04,CMP004,412.16,7151,267
2025-06-04,CMP005,307.51,45882,591
2025-06-05,CMP001,978.16,10090,432
2025-06-05,CMP002,464.93,26557,1531
2025-06-05,CMP003,787.12,8495,329
2025-06-05,CMP004,415.66,23534,826
2025-06-05,CMP005,884.13,48319,638
2025-06-06,CMP001,576.3,25517,895
2025-06-06,CMP002,764.49,48356,3012
2025-06-06,CMP003,166.82,20980,929
2025-06-06,CMP004,116.97,35278,1759
2025-06-06,CMP005,918.72,23723,963
2025-06-07,CMP001,944.45,10489,492
2025-06-07,CMP002,599.72,29605,1435
2025-06-07,CMP003,766.97,18850,738
2025-06-07,CMP004,816.53,13881,825
2025-06-07,CMP005,744.67,44550,1188
2025-06-08,CMP001,565.97,21214,1320
2025-06-08,CMP002,639.62,48018,3493
2025-06-08,CMP003,769.28,28487,312
2025-06-08,CMP004,371.77,5660,61
2025-06-08,CMP005,719.9,19000,1029
2025-06-09,CMP001,346.02,10181,804
2025-06-09,CMP002,546.19,47748,3816
2025-06-09,CMP003,457.69,46227,2830
2025-06-09,CMP004,483.96,15484,256
2025-06-09,CMP005,425.17,36388,761
2025-06-10,CMP001,169.19,22939,1821
2025-06-10,CMP002,645.71,13910,544
2025-06-10,CMP003,742.5,15908,489
2025-06-10,CMP004,820.44,26375,648
2025-06-10,CMP005,883.33,38735,1302
2025-06-11,CMP001,416.18,49164,3774
2025-06-11,CMP002,783.62,7728,557
2025-06-11,CMP003,292.47,35889,1926
2025-06-11,CMP004,329.12,15643,209
2025-06-11,CMP005,857.17,29921,976
2025-06-12,CMP001,510.24,27897,1973
2025-06-12,CMP002,976.64,34336,1644
2025-06-12,CMP003,725.93,30726,2403
2025-06-12,CMP004,222.58,31856,1969
2025-06-12,CMP005,267.1,10474,835
2025-06-13,CMP001,912.86,39146,3030
2025-06-13,CMP002,101.75,14547,444
2025-06-13,CMP003,169.07,47946,3291
2025-06-13,CMP004,892.0,15464,737
2025-06-13,CMP005,781.18,14701,1092
2025-06-14,CMP001,645.17,43993,1957
2025-06-14,CMP002,209.15,13233,692
2025-06-14,CMP003,847.0,6591,485
2025-06-14,CMP004,470.39,22726,1028
2025-06-14,CMP005,772.63,8429,240
2025-06-15,CMP001,622.47,38210,2308
2025-06-15,CMP002,307.0,6514,139
2025-06-15,CMP003,637.1,22048,1393
2025-06-15,CMP004,733.21,29138,488
2025-06-15,CMP005,959.84,36153,1824
2025-06-16,CMP001,525.95,30388,1834
2025-06-16,CMP002,314.8,6890,132
2025-06-16,CMP003,586.27,31041,954
2025-06-16,CMP004,660.02,49191,1255
2025-06-16,CMP005,196.63,48025,1414
2025-06-17,CMP001,403.8,16437,666
2025-06-17,CMP002,906.29,41153,3207
2025-06-17,CMP003,784.13,13910,923
2025-06-17,CMP004,161.07,40560,3118
2025-06-17,CMP005,652.7,43906,2329
2025-06-18,CMP001,541.32,27205,318
2025-06-18,CMP002,798.06,25904,1385
2025-06-18,CMP003,644.07,38243,1888
2025-06-18,CMP004,973.86,43946,2422
2025-06-18,CMP005,842.96,20435,955
2025-06-19,CMP001,854.0,41628,2549
2025-06-19,CMP002,734.25,48754,1056
2025-06-19,CMP003,680.29,46956,1675
2025-06-19,CMP004,771.37,33493,2295
2025-06-19,CMP005,897.08,43671,3064
2025-06-20,CMP001,754.27,9463,326
2025-06-20,CMP002,134.74,45566,1557
2025-06-20,CMP003,417.16,26903,734
2025-06-20,CMP004,213.71,35318,1096
2025-06-20,CMP005,921.09,34422,1520
2025-06-21,CMP001,499.91,18097,981
2025-06-21,CMP002,419.16,38198,462
2025-06-21,CMP003,683.88,16032,232
2025-06-21,CMP004,738.59,21690,1727
2025-06-21,CMP005,808.19,11295,707
2025-06-22,CMP001,385.09,43018,2471
2025-06-22,CMP002,992.38,35611,2070
2025-06-22,CMP003,166.88,5868,114
2025-06-22,CMP004,429.45,5589,312
2025-06-22,CMP005,614.86,40623,687
2025-06-23,CMP001,672.88,23778,1025
2025-06-23,CMP002,105.04,44414,1705
2025-06-23,CMP003,159.31,14336,894
2025-06-23,CMP004,348.22,29876,590
2025-06-23,CMP005,824.6,20471,1169
2025-06-24,CMP001,954.34,42809,833
2025-06-24,CMP002,634.08,29281,1872
2025-06-24,CMP003,869.13,29122,591
2025-06-24,CMP004,291.8,45951,2203
2025-06-24,CMP005,471.22,10128,606
2025-06-25,CMP001,377.88,31037,2328
2025-06-25,CMP002,567.02,10850,379
2025-06-25,CMP003,400.91,20248,405
2025-06-25,CMP004,842.15,38069,724
2025-06-25,CMP005,971.65,28471,1787
2025-06-26,CMP001,846.86,32300,564
2025-06-26,CMP002,648.02,25464,771
2025-06-26,CMP003,811.28,8069,309
2025-06-26,CMP004,137.74,45166,911
2025-06-26,CMP005,333.84,45896,1629
2025-06-27,CMP001,725.23,34274,1832
2025-06-27,CMP002,374.14,33580,667
2025-06-27,CMP003,520.49,37242,2956
2025-06-27,CMP004,368.64,10829,783
2025-06-27,CMP005,238.87,33362,337
2025-06-28,CMP001,934.71,21250,231
2025-06-28,CMP002,170.34,27605,618
2025-06-28,CMP003,670.61,41874,1910
2025-06-28,CMP004,225.47,18583,499
2025-06-28,CMP005,820.35,35547,2332
2025-06-29,CMP001,562.59,23784,1794
2025-06-29,CMP002,710.71,13294,205
2025-06-29,CMP003,767.47,29540,2315
2025-06-29,CMP004,881.62,15244,943
2025-06-29,CMP005,691.0,41612,504
2025-06-30,CMP001,379.06,11817,582
2025-06-30,CMP002,286.74,41291,2089
2025-06-30,CMP003,404.81,33872,2488
2025-06-30,CMP004,664.27,17343,1279
2025-06-30,CMP005,968.62,30909,2211
2025-07-01,CMP001,808.47,42531,971
2025-07-01,CMP002,204.64,21598,1320
2025-07-01,CMP003,578.28,32498,2005
2025-07-01,CMP004,315.4,15038,449
2025-07-01,CMP005,253.09,9999,276
2025-07-02,CMP001,292.65,26546,1096
2025-07-02,CMP002,421.74,8719,569
2025-07-02,CMP003,837.19,28650,1509
2025-07-02,CMP004,453.51,43893,562
2025-07-02,CMP005,770.46,18708,1228
2025-07-03,CMP001,501.27,31379,619
2025-07-03,CMP002,184.2,18421,1356
2025-07-03,CMP003,700.32,42381,2532
2025-07-03,CMP004,955.06,17816,638
2025-07-03,CMP005,753.53,16611,787
2025-07-04,CMP001,230.54,39050,3047
2025-07-04,CMP002,569.77,33507,2598
2025-07-04,CMP003,232.32,18528,325
2025-07-04,CMP004,700.48,38105,1113
2025-07-04,CMP005,835.61,49341,2883
2025-07-05,CMP001,716.79,39453,1397
2025-07-05,CMP002,335.48,5807,195
2025-07-05,CMP003,838.03,7103,335
2025-07-05,CMP004,375.18,18515,797
2025-07-05,CMP005,578.44,23862,762
2025-07-06,CMP001,686.93,40270,2900
2025-07-06,CMP002,968.14,41264,1335
2025-07-06,CMP003,615.72,44645,1148
2025-07-06,CMP004,728.48,14462,543
2025-07-06,CMP005,738.24,37254,865
2025-07-07,CMP001,598.94,22117,1257
2025-07-07,CMP002,859.7,25288,1848
2025-07-07,CMP003,257.53,24415,805
2025-07-07,CMP004,717.71,18971,729
2025-07-07,CMP005,579.44,14670,586
2025-07-08,CMP001,887.23,18232,1030
2025-07-08,CMP002,275.76,9025,93
2025-07-08,CMP003,327.1,42412,509
2025-07-08,CMP004,150.97,16075,936
2025-07-08,CMP005,522.75,7443,449
2025-07-09,CMP001,810.3,26601,438
2025-07-09,CMP002,332.36,37869,1498
2025-07-09,CMP003,167.75,34733,1370
2025-07-09,CMP004,880.02,21402,1076
2025-07-09,CMP005,793.74,41520,1099
2025-07-10,CMP001,486.61,37709,597
2025-07-10,CMP002,256.49,32501,1322
2025-07-10,CMP003,508.35,6622,176
2025-07-10,CMP004,802.73,28221,575
2025-07-10,CMP005,838.11,45914,3054
2025-07-11,CMP001,631.85,23221,1239
2025-07-11,CMP002,171.86,8266,650
2025-07-11,CMP003,642.24,38329,2969
2025-07-11,CMP004,226.37,19177,1345
2025-07-11,CMP005,252.17,7088,377
2025-07-12,CMP001,172.98,15662,1096
2025-07-12,CMP002,329.72,16061,783
2025-07-12,CMP003,215.54,13885,381
2025-07-12,CMP004,845.33,20948,964
2025-07-12,CMP005,252.66,46392,3012
2025-07-13,CMP001,917.16,42540,696
2025-07-13,CMP002,410.73,7323,125
2025-07-13,CMP003,151.19,18935,579
2025-07-13,CMP004,409.25,6153,246
2025-07-13,CMP005,310.65,48090,2115
2025-07-14,CMP001,269.86,8683,271
2025-07-14,CMP002,129.31,25899,1608
2025-07-14,CMP003,885.6,43196,979
2025-07-14,CMP004,100.8,5296,88
2025-07-14,CMP005,911.19,26814,1462
2025-07-15,CMP001,581.84,33540,2205
2025-07-15,CMP002,229.69,8214,525
2025-07-15,CMP003,257.52,25569,2044
2025-07-15,CMP004,499.37,10873,627
2025-07-15,CMP005,338.03,33831,1200
2025-07-16,CMP001,144.89,14237,963
2025-07-16,CMP002,791.6,36430,2387
2025-07-16,CMP003,615.92,21316,513
2025-07-16,CMP004,870.44,10819,595
2025-07-16,CMP005,497.41,36065,2043
2025-07-17,CMP001,615.89,35090,1786
2025-07-17,CMP002,101.13,37713,2280
2025-07-17,CMP003,317.07,39472,3122
2025-07-17,CMP004,427.15,16069,353
2025-07-17,CMP005,225.42,32824,1110
2025-07-18,CMP001,319.16,21367,1124
2025-07-18,CMP002,258.11,45226,723
2025-07-18,CMP003,234.58,31597,2102
2025-07-18,CMP004,135.61,46602,2902
2025-07-18,CMP005,799.65,16015,929
2025-07-19,CMP001,674.54,12552,185
2025-07-19,CMP002,690.63,37885,887
2025-07-19,CMP003,325.38,25367,1953
2025-07-19,CMP004,797.79,23748,1584
2025-07-19,CMP005,415.45,22412,1582
2025-07-20,CMP001,687.48,14360,1077
2025-07-20,CMP002,273.97,47877,3528
2025-07-20,CMP003,901.64,46118,2220
2025-07-20,CMP004,195.9,30643,1235
2025-07-20,CMP005,206.67,43729,2467
2025-07-21,CMP001,197.4,27898,1923
2025-07-21,CMP002,413.4,29573,2038
2025-07-21,CMP003,774.47,24835,1903
2025-07-21,CMP004,624.49,22214,312
2025-07-21,CMP005,888.64,18642,208
2025-07-22,CMP001,733.64,19953,536
2025-07-22,CMP002,551.32,37077,422
2025-07-22,CMP003,671.24,43040,3384
2025-07-22,CMP004,501.98,7384,119
2025-07-22,CMP005,366.13,23924,542
2025-07-23,CMP001,926.48,48210,2352
2025-07-23,CMP002,886.83,11421,582
2025-07-23,CMP003,330.31,6421,432
2025-07-23,CMP004,433.09,39928,2117
2025-07-23,CMP005,259.78,46654,3501
2025-07-24,CMP001,872.47,46375,1496
2025-07-24,CMP002,462.24,8536,231
2025-07-24,CMP003,106.77,43562,1280
2025-07-24,CMP004,178.45,39516,1081
2025-07-24,CMP005,325.45,17630,593
2025-07-25,CMP001,354.55,5291,330
2025-07-25,CMP002,941.55,36347,1502
2025-07-25,CMP003,611.42,20877,829
2025-07-25,CMP004,525.39,38357,2655
2025-07-25,CMP005,802.47,34414,1473
2025-07-26,CMP001,255.49,22430,1403
2025-07-26,CMP002,677.2,34566,799
2025-07-26,CMP003,662.01,20905,576
2025-07-26,CMP004,845.26,39441,2757
2025-07-26,CMP005,207.02,40829,1472
2025-07-27,CMP001,168.2,28598,1261
2025-07-27,CMP002,376.15,38699,1291
2025-07-27,CMP003,161.89,24985,431
2025-07-27,CMP004,875.92,29507,1022
2025-07-27,CMP005,227.12,41122,2348
2025-07-28,CMP001,842.51,41853,490
2025-07-28,CMP002,828.73,48733,1904
2025-07-28,CMP003,538.91,48329,2152
2025-07-28,CMP004,715.35,31717,1511
2025-07-28,CMP005,587.36,42295,1319
2025-07-29,CMP001,489.52,9776,282
2025-07-29,CMP002,199.42,5997,442
2025-07-29,CMP003,335.96,38114,1246
2025-07-29,CMP004,653.59,24856,369
2025-07-29,CMP005,965.38,18208,513
2025-07-30,CMP001,427.79,9551,385
2025-07-30,CMP002,151.27,6897,136
2025-07-30,CMP003,430.16,6993,413
2025-07-30,CMP004,313.95,16890,687
2025-07-30,CMP005,154.47,5929,293
2025-07-31,CMP001,754.85,11906,388
2025-07-31,CMP002,504.22,13586,801
2025-07-31,CMP003,951.37,6710,449
2025-07-31,CMP004,561.91,36294,1023
2025-07-31,CMP005,148.54,7260,383
2025-08-01,CMP001,101.86,30575,1042
2025-08-01,CMP002,290.07,15298,1128
2025-08-01,CMP003,327.07,33574,1317
2025-08-01,CMP004,483.73,23118,730
2025-08-01,CMP005,981.79,14808,235
2025-08-02,CMP001,587.14,43317,1641
2025-08-02,CMP002,176.47,11376,787
2025-08-02,CMP003,863.65,42636,2396
2025-08-02,CMP004,837.9,21583,230
2025-08-02,CMP005,138.94,13475,1028
2025-08-03,CMP001,982.59,27149,493
2025-08-03,CMP002,306.4,40055,1906
2025-08-03,CMP003,358.16,9191,416
2025-08-03,CMP004,327.95,10662,686
2025-08-03,CMP005,925.52,23846,1074
2025-08-04,CMP001,277.43,40586,748
2025-08-04,CMP002,107.61,7355,178
2025-08-04,CMP003,147.86,39408,1310
2025-08-04,CMP004,587.33,39669,2115
2025-08-04,CMP005,149.7,48774,2800
2025-08-05,CMP001,283.26,20472,1041
2025-08-05,CMP002,994.61,35128,465
2025-08-05,CMP003,470.82,49914,3652
2025-08-05,CMP004,238.78,10899,548
2025-08-05,CMP005,619.07,20086,892
2025-08-06,CMP001,240.27,33398,1942
2025-08-06,CMP002,924.65,18572,1353
2025-08-06,CMP003,594.65,49023,3050
2025-08-06,CMP004,672.87,22463,243
2025-08-06,CMP005,216.0,39844,480
2025-08-07,CMP001,869.97,7956,599
2025-08-07,CMP002,434.67,47736,1197
2025-08-07,CMP003,481.28,25655,1998
2025-08-07,CMP004,513.7,39596,1596
2025-08-07,CMP005,768.78,44344,827
2025-08-08,CMP001,902.7,15627,1106
2025-08-08,CMP002,260.14,38849,497
2025-08-08,CMP003,508.74,49670,3715
2025-08-08,CMP004,167.52,15760,673
2025-08-08,CMP005,869.19,43170,2581
2025-08-09,CMP001,439.94,34871,1854
2025-08-09,CMP002,492.41,15013,845
2025-08-09,CMP003,224.59,20936,835
2025-08-09,CMP004,874.91,22770,545
2025-08-09,CMP005,356.19,36259,2394
2025-08-10,CMP001,494.73,39476,3102
2025-08-10,CMP002,123.62,9788,775
2025-08-10,CMP003,315.6,36475,2170
2025-08-10,CMP004,948.17,37900,3005
2025-08-10,CMP005,247.81,29003,1412
2025-08-11,CMP001,383.26,19596,288
2025-08-11,CMP002,956.88,49632,2557
2025-08-11,CMP003,452.35,10295,631
2025-08-11,CMP004,436.3,38081,911
2025-08-11,CMP005,876.0,18146,990
2025-08-12,CMP001,431.67,42333,2389
2025-08-12,CMP002,431.53,5329,297
2025-08-12,CMP003,650.9,13716,542
2025-08-12,CMP004,910.49,13567,531
2025-08-12,CMP005,123.56,25360,569
2025-08-13,CMP001,822.55,14390,323
2025-08-13,CMP002,305.92,47384,838
2025-08-13,CMP003,528.41,8646,431
2025-08-13,CMP004,650.4,45149,2311
2025-08-13,CMP005,144.35,15606,1136
2025-08-14,CMP001,668.77,20196,1215
2025-08-14,CMP002,276.42,45920,1799
2025-08-14,CMP003,229.0,19163,520
2025-08-14,CMP004,520.84,6593,197
2025-08-14,CMP005,650.12,31838,1221
2025-08-15,CMP001,509.53,23233,995
2025-08-15,CMP002,449.25,41621,1064
2025-08-15,CMP003,469.94,12471,643
2025-08-15,CMP004,544.62,43328,2088
2025-08-15,CMP005,216.33,16164,1166
2025-08-16,CMP001,868.08,42317,2738
2025-08-16,CMP002,596.34,23571,1468
2025-08-16,CMP003,549.87,5235,93
2025-08-16,CMP004,779.53,27964,1621
2025-08-16,CMP005,235.34,28857,1178
2025-08-17,CMP001,500.79,13120,848
2025-08-17,CMP002,547.23,24392,1112
2025-08-17,CMP003,586.02,47691,969
2025-08-17,CMP004,126.51,6529,225
2025-08-17,CMP005,931.74,39801,1210
2025-08-18,CMP001,348.51,44407,937
2025-08-18,CMP002,689.62,15379,351
2025-08-18,CMP003,905.83,45547,1632
2025-08-18,CMP004,610.86,11448,604
2025-08-18,CMP005,571.82,37648,1895
2025-08-19,CMP001,595.13,46924,890
2025-08-19,CMP002,943.31,19555,1074
2025-08-19,CMP003,512.92,48223,566
2025-08-19,CMP004,699.62,31817,1130
2025-08-19,CMP005,513.67,12240,913
2025-08-20,CMP001,767.73,18177,482
2025-08-20,CMP002,372.46,35829,772
2025-08-20,CMP003,611.57,40458,1268
2025-08-20,CMP004,932.5,10443,657
2025-08-20,CMP005,236.62,35240,1303
2025-08-21,CMP001,342.33,26279,408
2025-08-21,CMP002,902.93,23681,1090
2025-08-21,CMP003,946.85,33138,523
2025-08-21,CMP004,930.79,33268,1418
2025-08-21,CMP005,122.4,47092,2968
2025-08-22,CMP001,835.02,35973,2679
2025-08-22,CMP002,380.86,38902,2878
2025-08-22,CMP003,545.75,44325,2968
2025-08-22,CMP004,378.45,35076,454
2025-08-22,CMP005,981.96,27118,2141
2025-08-23,CMP001,811.95,23075,1374
2025-08-23,CMP002,311.69,16496,415
2025-08-23,CMP003,717.07,48746,1645
2025-08-23,CMP004,802.34,43053,2378
2025-08-23,CMP005,737.04,28275,1437
2025-08-24,CMP001,278.01,17523,937
2025-08-24,CMP002,881.4,25161,1404
2025-08-24,CMP003,792.83,10462,282
2025-08-24,CMP004,407.05,27501,946
2025-08-24,CMP005,267.64,44717,1179
2025-08-25,CMP001,278.74,24729,1063
2025-08-25,CMP002,894.5,13682,970
2025-08-25,CMP003,831.89,40140,2324
2025-08-25,CMP004,481.0,13083,206
2025-08-25,CMP005,878.56,26221,1565
2025-08-26,CMP001,308.11,40498,3058
2025-08-26,CMP002,296.51,42760,850
2025-08-26,CMP003,873.09,8760,603
2025-08-26,CMP004,920.67,20906,529
2025-08-26,CMP005,305.09,18115,480
2025-08-27,CMP001,171.08,26544,1476
2025-08-27,CMP002,693.65,31925,1899
2025-08-27,CMP003,520.26,11748,173
2025-08-27,CMP004,360.53,23717,1021
2025-08-27,CMP005,652.31,21550,647
2025-08-28,CMP001,224.96,45807,3640
2025-08-28,CMP002,816.3,33004,829
2025-08-28,CMP003,955.93,8656,361
2025-08-28,CMP004,595.8,48422,3326
2025-08-28,CMP005,582.05,26112,1275
2025-08-29,CMP001,382.94,45608,3269
2025-08-29,CMP002,531.41,39821,2390
2025-08-29,CMP003,510.7,26382,277
2025-08-29,CMP004,708.77,38730,703
2025-08-29,CMP005,407.41,16649,931
2025-08-30,CMP001,781.73,7584,382
2025-08-30,CMP002,278.2,19914,534
2025-08-30,CMP003,518.78,22831,1413
2025-08-30,CMP004,838.11,15272,1157
2025-08-30,CMP005,392.76,47219,1978
2025-08-31,CMP001,535.08,34687,597
2025-08-31,CMP002,175.92,9033,690
2025-08-31,CMP003,168.44,47166,2177
2025-08-31,CMP004,963.24,7693,359
2025-08-31,CMP005,647.49,33543,458
2025-09-01,CMP001,536.96,27735,1086
2025-09-01,CMP002,821.53,41455,495
2025-09-01,CMP003,903.94,43136,1707
2025-09-01,CMP004,918.89,19284,239
2025-09-01,CMP005,638.24,18219,592
2025-09-02,CMP001,615.6,27210,2085
2025-09-02,CMP002,366.33,35518,1733
2025-09-02,CMP003,905.88,10623,180
2025-09-02,CMP004,355.43,17480,489
2025-09-02,CMP005,218.0,6323,425
2025-09-03,CMP001,364.16,22888,1093
2025-09-03,CMP002,362.56,29777,1215
2025-09-03,CMP003,836.03,45161,2597
2025-09-03,CMP004,644.42,46681,3073
2025-09-03,CMP005,934.18,47523,1500
2025-09-04,CMP001,749.04,44820,614
2025-09-04,CMP002,189.88,28738,475
2025-09-04,CMP003,366.19,5812,130
2025-09-04,CMP004,270.01,23251,395
2025-09-04,CMP005,479.1,30789,638
2025-09-05,CMP001,488.37,14001,1027
2025-09-05,CMP002,523.17,47832,2431
2025-09-05,CMP003,777.41,16930,169
2025-09-05,CMP004,813.91,37475,2670
2025-09-05,CMP005,361.61,46418,989
2025-09-06,CMP001,419.68,40393,1295
2025-09-06,CMP002,949.83,12431,226
2025-09-06,CMP003,504.81,46127,959
2025-09-06,CMP004,561.57,20253,1529
2025-09-06,CMP005,208.98,10929,687
2025-09-07,CMP001,985.53,20721,1243
2025-09-07,CMP002,268.86,41084,1402
2025-09-07,CMP003,527.76,33594,2426
2025-09-07,CMP004,505.27,31829,1190
2025-09-07,CMP005,458.31,20707,325
2025-09-08,CMP001,992.84,17719,988
2025-09-08,CMP002,911.03,12782,621
2025-09-08,CMP003,479.55,13693,667
2025-09-08,CMP004,501.66,49707,1760
2025-09-08,CMP005,536.09,20584,469
2025-09-09,CMP001,571.91,27996,647
2025-09-09,CMP002,795.09,38858,1022
2025-09-09,CMP003,149.18,43892,1853
2025-09-09,CMP004,854.18,35512,1610
2025-09-09,CMP005,865.12,44945,3304
2025-09-10,CMP001,138.24,26632,1304
2025-09-10,CMP002,522.26,41561,2987
2025-09-10,CMP003,796.94,46685,2355
2025-09-10,CMP004,892.98,44009,722
2025-09-10,CMP005,786.99,44310,812
2025-09-11,CMP001,573.97,28410,1819
2025-09-11,CMP002,422.02,19249,712
2025-09-11,CMP003,349.33,22066,860
2025-09-11,CMP004,402.36,35478,2348
2025-09-11,CMP005,113.49,14816,337
2025-09-12,CMP001,630.8,16896,379
2025-09-12,CMP002,809.03,23505,674
2025-09-12,CMP003,117.57,40828,3033
2025-09-12,CMP004,653.84,6655,338
2025-09-12,CMP005,813.24,32083,2294
2025-09-13,CMP001,794.97,45464,847
2025-09-13,CMP002,466.92,43749,871
2025-09-13,CMP003,807.29,43686,911
2025-09-13,CMP004,813.07,30424,2096
2025-09-13,CMP005,623.71,27239,764
2025-09-14,CMP001,295.68,49227,1820
2025-09-14,CMP002,122.58,16114,1151
2025-09-14,CMP003,843.03,41041,2184
2025-09-14,CMP004,520.85,38189,1080
2025-09-14,CMP005,999.86,18714,671
2025-09-15,CMP001,487.75,32120,2293
2025-09-15,CMP002,920.94,43396,1925
2025-09-15,CMP003,655.58,43731,1669
2025-09-15,CMP004,837.63,13045,717
2025-09-15,CMP005,724.95,45896,2179
2025-09-16,CMP001,975.0,46818,2604
2025-09-16,CMP002,651.78,13011,929
2025-09-16,CMP003,385.37,46550,3701
2025-09-16,CMP004,977.12,37260,2411
2025-09-16,CMP005,456.32,10310,361
2025-09-17,CMP001,511.41,41548,2942
2025-09-17,CMP002,423.28,18700,1120
2025-09-17,CMP003,117.65,7994,548
2025-09-17,CMP004,733.86,5261,298
2025-09-17,CMP005,202.12,16372,1227
2025-09-18,CMP001,641.13,37619,1738
2025-09-18,CMP002,271.22,13531,784
2025-09-18,CMP003,471.58,5870,186
2025-09-18,CMP004,487.07,39887,2466
2025-09-18,CMP005,181.37,42751,1440
2025-09-19,CMP001,501.53,25027,1356
2025-09-19,CMP002,659.78,6775,433
2025-09-19,CMP003,946.14,35888,1104
2025-09-19,CMP004,580.69,31346,2465
2025-09-19,CMP005,517.03,9115,393
2025-09-20,CMP001,800.96,38184,1566
2025-09-20,CMP002,260.99,12156,790
2025-09-20,CMP003,532.9,31011,1504
2025-09-20,CMP004,986.91,21222,1352
2025-09-20,CMP005,561.95,33587,2478
2025-09-21,CMP001,213.16,41762,841
2025-09-21,CMP002,567.46,49254,858
2025-09-21,CMP003,514.18,48808,502
2025-09-21,CMP004,496.87,7432,120
2025-09-21,CMP005,413.89,24564,1306
2025-09-22,CMP001,168.97,47671,604
2025-09-22,CMP002,196.56,49523,1808
2025-09-22,CMP003,445.04,33471,2204
2025-09-22,CMP004,322.65,48097,2726
2025-09-22,CMP005,943.99,13445,1014
2025-09-23,CMP001,832.41,45342,3417
2025-09-23,CMP002,428.3,5165,175
2025-09-23,CMP003,147.72,10537,182
2025-09-23,CMP004,389.59,23368,415
2025-09-23,CMP005,560.2,5490,169
2025-09-24,CMP001,469.18,14787,474
2025-09-24,CMP002,930.25,34014,835
2025-09-24,CMP003,292.48,14486,223
2025-09-24,CMP004,357.13,22135,1759
2025-09-24,CMP005,563.4,8724,377
2025-09-25,CMP001,939.46,46932,2270
2025-09-25,CMP002,187.91,30695,2076
2025-09-25,CMP003,389.57,5509,387
2025-09-25,CMP004,255.96,45679,727
2025-09-25,CMP005,522.47,37189,2055
2025-09-26,CMP001,746.77,13891,648
2025-09-26,CMP002,808.21,26338,1192
2025-09-26,CMP003,407.64,33615,1752
2025-09-26,CMP004,393.75,15095,158
2025-09-26,CMP005,513.4,41480,1302
2025-09-27,CMP001,923.12,25227,1071
2025-09-27,CMP002,482.52,49445,673
2025-09-27,CMP003,797.08,24735,1265
2025-09-27,CMP004,435.68,21503,338
2025-09-27,CMP005,720.84,5060,376
2025-09-28,CMP001,731.55,22303,249
2025-09-28,CMP002,761.33,21324,599
2025-09-28,CMP003,167.18,30546,911
2025-09-28,CMP004,468.08,49433,1056
2025-09-28,CMP005,817.75,47625,2118
2025-09-29,CMP001,190.25,25191,1625
2025-09-29,CMP002,109.87,14136,330
2025-09-29,CMP003,585.06,22122,989
2025-09-29,CMP004,846.11,23599,705
2025-09-29,CMP005,864.43,39287,3131
2025-09-30,CMP001,547.82,27145,786
2025-09-30,CMP002,979.17,10108,761
2025-09-30,CMP003,574.32,7126,205
2025-09-30,CMP004,861.33,29070,1249
2025-09-30,CMP005,589.82,20413,874
2025-10-01,CMP001,410.22,22155,763
2025-10-01,CMP002,213.41,41449,920
2025-10-01,CMP003,704.2,31546,700
2025-10-01,CMP004,140.65,26303,1203
2025-10-01,CMP005,528.53,39953,937
2025-10-02,CMP001,573.91,42200,450
2025-10-02,CMP002,289.9,16156,222
2025-10-02,CMP003,195.71,40989,2605
2025-10-02,CMP004,792.38,28625,1032
2025-10-02,CMP005,857.3,40561,3076
2025-10-03,CMP001,708.21,6319,414
2025-10-03,CMP002,150.02,19667,1360
2025-10-03,CMP003,576.47,42637,2620
2025-10-03,CMP004,806.65,20160,550
2025-10-03,CMP005,365.83,28533,2104
2025-10-04,CMP001,485.34,15839,1191
2025-10-04,CMP002,713.81,24638,1554
2025-10-04,CMP003,874.74,22371,746
2025-10-04,CMP004,893.11,44944,1658
2025-10-04,CMP005,690.6,31528,2076
2025-10-05,CMP001,398.52,24439,617
2025-10-05,CMP002,651.81,26748,1260
2025-10-05,CMP003,513.77,20809,828
2025-10-05,CMP004,414.61,42773,2249
2025-10-05,CMP005,166.37,14297,403
2025-10-06,CMP001,259.49,33935,1604
2025-10-06,CMP002,136.09,23835,918
2025-10-06,CMP003,315.66,14124,188
2025-10-06,CMP004,415.37,10656,745
2025-10-06,CMP005,932.73,14061,692
2025-10-07,CMP001,805.94,5043,125
2025-10-07,CMP002,426.57,35045,762
2025-10-07,CMP003,319.97,37446,1918
2025-10-07,CMP004,946.6,30298,1856
2025-10-07,CMP005,122.13,39399,2370
2025-10-08,CMP001,109.67,41211,2806
2025-10-08,CMP002,586.44,28289,367
2025-10-08,CMP003,844.19,45658,1485
2025-10-08,CMP004,516.72,16826,278
2025-10-08,CMP005,907.69,42691,1919
2025-10-09,CMP001,588.11,18091,996
2025-10-09,CMP002,267.84,45316,1071
2025-10-09,CMP003,718.45,39591,2731
2025-10-09,CMP004,272.51,35646,2496
2025-10-09,CMP005,986.07,16882,953
2025-10-10,CMP001,298.95,36483,544
2025-10-10,CMP002,421.17,31608,2226
2025-10-10,CMP003,157.76,37860,2525
2025-10-10,CMP004,835.41,28869,641
2025-10-10,CMP005,657.43,49260,1930
2025-10-11,CMP001,420.27,36626,2076
2025-10-11,CMP002,982.61,28351,932
2025-10-11,CMP003,632.63,8749,145
2025-10-11,CMP004,737.34,19044,1375
2025-10-11,CMP005,641.57,24260,1557
2025-10-12,CMP001,366.2,36487,398
2025-10-12,CMP002,743.42,35981,613
2025-10-12,CMP003,400.86,23472,238
2025-10-12,CMP004,810.26,49895,2879
2025-10-12,CMP005,200.0,9530,690
2025-10-13,CMP001,944.07,23499,917
2025-10-13,CMP002,662.34,45581,1170
2025-10-13,CMP003,584.94,6958,398
2025-10-13,CMP004,885.67,16054,226
2025-10-13,CMP005,566.74,41833,560
2025-10-14,CMP001,451.66,31573,1187
2025-10-14,CMP002,740.7,32989,974
2025-10-14,CMP003,735.49,12941,365
2025-10-14,CMP004,136.26,12073,355
2025-10-14,CMP005,635.4,10085,516
2025-10-15,CMP001,418.05,15637,300
2025-10-15,CMP002,903.25,49974,601
2025-10-15,CMP003,620.96,28013,1061
2025-10-15,CMP004,398.65,35874,1301
2025-10-15,CMP005,607.68,14027,559
2025-10-16,CMP001,887.03,9081,669
2025-10-16,CMP002,554.11,9555,405
2025-10-16,CMP003,883.25,46581,2463
2025-10-16,CMP004,349.68,24435,1275
2025-10-16,CMP005,614.62,12130,721
2025-10-17,CMP001,812.56,37122,1735
2025-10-17,CMP002,563.56,20066,687
2025-10-17,CMP003,838.53,34065,1269
2025-10-17,CMP004,412.14,16978,630
2025-10-17,CMP005,876.3,45329,2834
2025-10-18,CMP001,194.24,8393,548
2025-10-18,CMP002,665.51,37550,994
2025-10-18,CMP003,440.27,21555,981
2025-10-18,CMP004,780.3,17154,513
2025-10-18,CMP005,223.92,11314,253
2025-10-19,CMP001,989.57,8776,489
2025-10-19,CMP002,515.8,24422,665
2025-10-19,CMP003,494.01,29930,871
2025-10-19,CMP004,342.98,21437,1053
2025-10-19,CMP005,564.87,39088,2393
2025-10-20,CMP001,689.38,14170,611
2025-10-20,CMP002,308.11,38561,2210
2025-10-20,CMP003,478.23,40546,3192
2025-10-20,CMP004,597.6,28326,1713
2025-10-20,CMP005,722.79,16821,597
2025-10-21,CMP001,931.08,17520,243
2025-10-21,CMP002,507.21,32263,857
2025-10-21,CMP003,639.57,34719,2429
2025-10-21,CMP004,605.91,40921,1210
2025-10-21,CMP005,634.4,11458,271
2025-10-22,CMP001,225.24,25670,1049
2025-10-22,CMP002,173.79,11499,863
2025-10-22,CMP003,854.36,29429,2058
2025-10-22,CMP004,214.8,29101,404
2025-10-22,CMP005,608.03,31651,2309
2025-10-23,CMP001,628.36,46202,3132
2025-10-23,CMP002,610.11,9491,554
2025-10-23,CMP003,989.2,30245,1377
2025-10-23,CMP004,583.91,31401,1507
2025-10-23,CMP005,259.44,11202,201
2025-10-24,CMP001,312.69,31250,2150
2025-10-24,CMP002,216.41,40669,1945
2025-10-24,CMP003,270.61,36748,1585
2025-10-24,CMP004,408.37,34740,2126
2025-10-24,CMP005,896.73,19509,1358
2025-10-25,CMP001,236.79,46530,2146
2025-10-25,CMP002,406.99,38570,1311
2025-10-25,CMP003,337.72,14454,901
2025-10-25,CMP004,718.17,9998,487
2025-10-25,CMP005,730.09,30305,673
2025-10-26,CMP001,569.03,30975,2012
2025-10-26,CMP002,300.86,38840,919
2025-10-26,CMP003,418.56,16370,689
2025-10-26,CMP004,796.3,31616,1537
2025-10-26,CMP005,646.06,15885,532
2025-10-27,CMP001,499.01,7806,472
2025-10-27,CMP002,430.87,21170,1329
2025-10-27,CMP003,775.82,17901,916
2025-10-27,CMP004,368.25,47799,3555
2025-10-27,CMP005,606.51,25840,712
2025-10-28,CMP001,916.46,41223,3101
2025-10-28,CMP002,422.2,33024,1685
2025-10-28,CMP003,112.74,12757,1013
2025-10-28,CMP004,165.47,30771,698
2025-10-28,CMP005,615.19,20570,1356
2025-10-29,CMP001,342.41,23768,1635
2025-10-29,CMP002,320.75,25193,488
2025-10-29,CMP003,359.16,5107,141
2025-10-29,CMP004,515.28,44461,1279
2025-10-29,CMP005,959.46,13904,1048
2025-10-30,CMP001,267.56,32808,728
2025-10-30,CMP002,574.32,41538,3141
2025-10-30,CMP003,804.38,15648,1145
2025-10-30,CMP004,737.1,18903,526
2025-10-30,CMP005,454.24,32109,981
2025-10-31,CMP001,128.32,9169,282
2025-10-31,CMP002,621.63,26340,1153
2025-10-31,CMP003,369.56,34140,1970
2025-10-31,CMP004,219.65,30452,2150
2025-10-31,CMP005,375.01,46445,1109
2025-11-01,CMP001,380.53,24560,1311
2025-11-01,CMP002,119.44,32886,1113
2025-11-01,CMP003,301.95,25002,1275
2025-11-01,CMP004,182.07,49075,3344
2025-11-01,CMP005,341.81,14610,226
2025-11-02,CMP001,312.96,48823,1262
2025-11-02,CMP002,805.58,27063,1642
2025-11-02,CMP003,112.21,36747,1864
2025-11-02,CMP004,100.74,11651,753
2025-11-02,CMP005,905.81,14686,689
2025-11-03,CMP001,306.72,11322,355
2025-11-03,CMP002,335.55,46456,1199
2025-11-03,CMP003,534.45,26453,1228
2025-11-03,CMP004,290.5,41429,1285
2025-11-03,CMP005,322.76,36799,2791
2025-11-04,CMP001,457.72,5234,325
2025-11-04,CMP002,626.98,38568,962
2025-11-04,CMP003,965.73,40536,2639
2025-11-04,CMP004,922.0,13727,1057
2025-11-04,CMP005,897.7,47419,2821
2025-11-05,CMP001,179.44,34744,1071
2025-11-05,CMP002,953.12,11182,318
2025-11-05,CMP003,194.54,5102,332
2025-11-05,CMP004,237.87,26224,779
2025-11-05,CMP005,117.64,42940,1880
2025-11-06,CMP001,721.21,9829,736
2025-11-06,CMP002,877.04,38682,1629
2025-11-06,CMP003,309.99,40415,2360
2025-11-06,CMP004,843.47,26881,1147
2025-11-06,CMP005,378.15,32453,820
2025-11-07,CMP001,688.57,17789,1128
2025-11-07,CMP002,347.37,21571,1164
2025-11-07,CMP003,374.6,13095,855
2025-11-07,CMP004,907.65,29388,843
2025-11-07,CMP005,239.23,22240,675
2025-11-08,CMP001,863.59,20290,950
2025-11-08,CMP002,488.03,8427,261
2025-11-08,CMP003,854.89,31378,556
2025-11-08,CMP004,815.67,29899,491
2025-11-08,CMP005,312.36,36246,1935
2025-11-09,CMP001,544.29,19812,560
2025-11-09,CMP002,291.26,39376,1428
2025-11-09,CMP003,989.81,20914,516
2025-11-09,CMP004,107.44,27665,1694
2025-11-09,CMP005,594.62,34001,509
2025-11-10,CMP001,360.92,31997,386
2025-11-10,CMP002,462.4,15765,1101
2025-11-10,CMP003,479.95,19004,710
2025-11-10,CMP004,549.87,48338,780
2025-11-10,CMP005,461.03,20903,1321
2025-11-11,CMP001,402.64,27968,2139
2025-11-11,CMP002,186.0,32416,1155
2025-11-11,CMP003,867.38,28200,930
2025-11-11,CMP004,123.95,45142,1232
2025-11-11,CMP005,445.64,10086,633
2025-11-12,CMP001,533.7,6793,483
2025-11-12,CMP002,796.47,47949,3114
2025-11-12,CMP003,261.7,29867,2191
2025-11-12,CMP004,680.72,9028,717
2025-11-12,CMP005,932.36,26996,369
2025-11-13,CMP001,506.84,41401,1352
2025-11-13,CMP002,634.06,9598,244
2025-11-13,CMP003,211.34,29608,1264
2025-11-13,CMP004,880.63,47015,2351
2025-11-13,CMP005,307.31,9426,410
2025-11-14,CMP001,400.0,22166,514
2025-11-14,CMP002,689.29,36690,2399
2025-11-14,CMP003,568.04,10658,328
2025-11-14,CMP004,260.27,46959,3407
2025-11-14,CMP005,358.6,49189,3731
2025-11-15,CMP001,662.41,24722,577
2025-11-15,CMP002,823.61,20320,716
2025-11-15,CMP003,817.39,26250,798
2025-11-15,CMP004,708.43,15716,1007
2025-11-15,CMP005,948.93,31708,1837
2025-11-16,CMP001,356.14,35734,1653
2025-11-16,CMP002,898.56,10977,584
2025-11-16,CMP003,356.43,7873,394
2025-11-16,CMP004,234.51,20416,302
2025-11-16,CMP005,988.57,6437,229
2025-11-17,CMP001,355.83,28232,1515
2025-11-17,CMP002,198.94,14012,1056
2025-11-17,CMP003,473.42,11939,129
2025-11-17,CMP004,622.27,49938,3493
2025-11-17,CMP005,221.53,19843,590
2025-11-18,CMP001,664.63,19573,445
2025-11-18,CMP002,903.33,6049,432
2025-11-18,CMP003,239.0,47125,1811
2025-11-18,CMP004,158.61,17623,488
2025-11-18,CMP005,322.28,20016,533
2025-11-19,CMP001,766.36,5927,204
2025-11-19,CMP002,377.39,15898,784
2025-11-19,CMP003,615.78,9642,381
2025-11-19,CMP004,546.38,34679,803
2025-11-19,CMP005,316.76,17181,586
2025-11-20,CMP001,303.59,44039,3366
2025-11-20,CMP002,748.18,43409,972
2025-11-20,CMP003,431.87,29292,1115
2025-11-20,CMP004,453.96,40990,839
2025-11-20,CMP005,791.1,11390,715
2025-11-21,CMP001,273.49,6038,465
2025-11-21,CMP002,951.58,28634,1428
2025-11-21,CMP003,982.44,12495,882
2025-11-21,CMP004,217.44,35076,1811
2025-11-21,CMP005,760.61,45900,799
2025-11-22,CMP001,800.12,9299,532
2025-11-22,CMP002,202.14,14642,973
2025-11-22,CMP003,177.6,12267,615
2025-11-22,CMP004,882.24,19430,480
2025-11-22,CMP005,745.72,17732,590
2025-11-23,CMP001,589.13,32924,2388
2025-11-23,CMP002,708.46,29054,535
2025-11-23,CMP003,232.62,31304,1138
2025-11-23,CMP004,372.7,11509,490
2025-11-23,CMP005,845.7,45702,1010
2025-11-24,CMP001,202.66,31708,1599
2025-11-24,CMP002,421.29,7645,292
2025-11-24,CMP003,778.83,8736,613
2025-11-24,CMP004,375.03,31285,2262
2025-11-24,CMP005,433.84,33530,892
2025-11-25,CMP001,220.35,26384,654
2025-11-25,CMP002,564.43,7075,181
2025-11-25,CMP003,340.85,19126,893
2025-11-25,CMP004,345.26,42033,2226
2025-11-25,CMP005,373.25,20393,785
2025-11-26,CMP001,555.68,35161,2586
2025-11-26,CMP002,143.11,47554,534
2025-11-26,CMP003,889.39,36797,653
2025-11-26,CMP004,162.85,44935,1201
2025-11-26,CMP005,327.36,34583,764
2025-11-27,CMP001,786.67,45719,769
2025-11-27,CMP002,747.09,40586,1017
2025-11-27,CMP003,692.12,39979,2095
2025-11-27,CMP004,712.72,22230,539
2025-11-27,CMP005,147.98,9560,679
2025-11-28,CMP001,968.93,6498,276
2025-11-28,CMP002,772.67,44930,1773
2025-11-28,CMP003,806.4,24811,1260
2025-11-28,CMP004,375.72,20408,1425
2025-11-28,CMP005,179.01,8899,477
2025-11-29,CMP001,948.98,24727,1315
2025-11-29,CMP002,625.6,38553,2473
2025-11-29,CMP003,302.67,34995,1469
2025-11-29,CMP004,509.1,25492,1219
2025-11-29,CMP005,282.65,46842,1120
2025-11-30,CMP001,777.61,28515,571
2025-11-30,CMP002,641.25,18009,540
2025-11-30,CMP003,933.41,7476,487
2025-11-30,CMP004,371.05,45256,2885
2025-11-30,CMP005,659.26,36138,1728
2025-12-01,CMP001,684.63,34636,2274
2025-12-01,CMP002,271.46,27750,1212
2025-12-01,CMP003,448.36,28778,1473
2025-12-01,CMP004,167.78,14242,1074
2025-12-01,CMP005,534.08,5649,185
2025-12-02,CMP001,486.01,36407,794
2025-12-02,CMP002,903.97,49259,2484
2025-12-02,CMP003,317.72,31815,1261
2025-12-02,CMP004,941.45,14016,933
2025-12-02,CMP005,245.1,24666,1356
2025-12-03,CMP001,131.34,13556,257
2025-12-03,CMP002,586.56,39283,2004
2025-12-03,CMP003,215.25,8207,594
2025-12-03,CMP004,915.35,7353,174
2025-12-03,CMP005,424.42,27541,992
2025-12-04,CMP001,426.91,7221,117
2025-12-04,CMP002,290.63,26123,1824
2025-12-04,CMP003,200.16,25532,680
2025-12-04,CMP004,272.51,46115,2982
2025-12-04,CMP005,691.33,38460,1928
2025-12-05,CMP001,542.86,25129,1719
2025-12-05,CMP002,715.73,29828,1958
2025-12-05,CMP003,210.49,23026,1672
2025-12-05,CMP004,642.04,17109,390
2025-12-05,CMP005,580.4,26921,1844
2025-12-06,CMP001,953.45,44800,1190
2025-12-06,CMP002,935.63,5381,60
2025-12-06,CMP003,505.08,33478,2388
2025-12-06,CMP004,211.15,30860,1338
2025-12-06,CMP005,621.0,22069,466
2025-12-07,CMP001,492.64,25116,691
2025-12-07,CMP002,805.99,16454,1090
2025-12-07,CMP003,164.43,10492,258
2025-12-07,CMP004,368.52,35987,777
2025-12-07,CMP005,179.53,44274,3385
2025-12-08,CMP001,228.0,45169,1272
2025-12-08,CMP002,552.39,35051,2725
2025-12-08,CMP003,166.73,43364,1600
2025-12-08,CMP004,252.83,31389,571
2025-12-08,CMP005,699.73,9416,434
2025-12-09,CMP001,139.19,43486,877
2025-12-09,CMP002,190.88,41532,1786
2025-12-09,CMP003,880.62,10460,736
2025-12-09,CMP004,922.04,32729,2008
2025-12-09,CMP005,461.91,23391,1486
2025-12-10,CMP001,780.89,12835,1017
2025-12-10,CMP002,167.06,42647,2135
2025-12-10,CMP003,373.89,7535,125
2025-12-10,CMP004,811.8,30006,2375
2025-12-10,CMP005,675.6,27018,1174
2025-12-11,CMP001,454.97,20072,1519
2025-12-11,CMP002,398.66,48065,937
2025-12-11,CMP003,677.9,38896,1230
2025-12-11,CMP004,745.38,32912,1492
2025-12-11,CMP005,264.51,33291,959
2025-12-12,CMP001,103.6,32380,1544
2025-12-12,CMP002,335.14,43989,726
2025-12-12,CMP003,462.68,11734,607
2025-12-12,CMP004,740.05,27840,1165
2025-12-12,CMP005,102.66,17647,494
2025-12-13,CMP001,161.35,43475,505
2025-12-13,CMP002,396.09,8006,363
2025-12-13,CMP003,540.66,44378,1996
2025-12-13,CMP004,237.6,28724,1481
2025-12-13,CMP005,547.47,31005,1966
2025-12-14,CMP001,639.59,22706,1760
2025-12-14,CMP002,645.67,30677,1081
2025-12-14,CMP003,969.48,33489,2434
2025-12-14,CMP004,355.97,26698,1258
2025-12-14,CMP005,986.15,42211,1493
2025-12-15,CMP001,412.88,13687,852
2025-12-15,CMP002,297.72,48783,2369
2025-12-15,CMP003,544.06,36647,696
2025-12-15,CMP004,416.05,28478,744
2025-12-15,CMP005,320.21,46621,2067
2025-12-16,CMP001,642.76,18428,207
2025-12-16,CMP002,112.55,47269,633
2025-12-16,CMP003,904.26,30250,1779
2025-12-16,CMP004,134.1,11096,670
2025-12-16,CMP005,150.55,46542,2781
2025-12-17,CMP001,603.26,49026,1783
2025-12-17,CMP002,661.47,44319,1770
2025-12-17,CMP003,827.5,32366,1221
2025-12-17,CMP004,417.86,28477,1926
2025-12-17,CMP005,507.53,17347,1249
2025-12-18,CMP001,356.33,16806,363
2025-12-18,CMP002,127.6,34498,412
2025-12-18,CMP003,564.46,38266,932
2025-12-18,CMP004,624.9,31755,1195
2025-12-18,CMP005,908.27,6473,65
2025-12-19,CMP001,328.35,31872,2074
2025-12-19,CMP002,557.34,22662,1108
2025-12-19,CMP003,895.25,10027,241
2025-12-19,CMP004,726.3,37020,2784
2025-12-19,CMP005,794.49,32752,1609
2025-12-20,CMP001,202.9,18592,265
2025-12-20,CMP002,151.25,36026,531
2025-12-20,CMP003,786.52,49742,2943
2025-12-20,CMP004,424.6,20318,748
2025-12-20,CMP005,999.42,35895,1483
2025-12-21,CMP001,251.38,33442,1635
2025-12-21,CMP002,131.68,20883,532
2025-12-21,CMP003,711.24,7261,162
2025-12-21,CMP004,303.49,33470,823
2025-12-21,CMP005,772.17,17964,665
2025-12-22,CMP001,491.73,29244,2265
2025-12-22,CMP002,875.92,7588,355
2025-12-22,CMP003,408.95,48492,3550
2025-12-22,CMP004,827.19,36347,787
2025-12-22,CMP005,778.36,47995,977
2025-12-23,CMP001,222.67,42481,3294
2025-12-23,CMP002,562.65,24716,406
2025-12-23,CMP003,770.39,40468,2187
2025-12-23,CMP004,863.43,34247,1456
2025-12-23,CMP005,392.99,17103,695
2025-12-24,CMP001,456.75,8908,411
2025-12-24,CMP002,157.08,46153,1660
2025-12-24,CMP003,149.53,48052,1771
2025-12-24,CMP004,683.79,33752,607
2025-12-24,CMP005,334.49,19597,1167
2025-12-25,CMP001,239.99,17470,535
2025-12-25,CMP002,817.16,26616,827
2025-12-25,CMP003,683.13,19876,1243
2025-12-25,CMP004,656.01,5369,247
2025-12-25,CMP005,465.24,31894,1873
2025-12-26,CMP001,370.62,48867,542
2025-12-26,CMP002,724.13,27328,1895
2025-12-26,CMP003,573.55,10634,675
2025-12-26,CMP004,638.23,31587,2437
2025-12-26,CMP005,409.77,14866,1026
2025-12-27,CMP001,908.55,38501,2850
2025-12-27,CMP002,767.28,10955,611
2025-12-27,CMP003,713.95,26127,534
2025-12-27,CMP004,446.94,17095,562
2025-12-27,CMP005,190.36,11675,720
2025-12-28,CMP001,862.76,16527,460
2025-12-28,CMP002,913.72,47317,2258
2025-12-28,CMP003,583.15,44144,2609
2025-12-28,CMP004,274.38,32707,1390
2025-12-28,CMP005,674.9,49129,690
2025-12-29,CMP001,935.04,18743,1180
2025-12-29,CMP002,886.31,11125,593
2025-12-29,CMP003,800.94,48845,3492
2025-12-29,CMP004,315.79,16325,1090
2025-12-29,CMP005,518.33,30500,1366
2025-12-30,CMP001,309.86,15438,461
2025-12-30,CMP002,772.81,17971,637
2025-12-30,CMP003,680.16,44560,1095
2025-12-30,CMP004,571.45,40459,933
2025-12-30,CMP005,359.27,39956,1234
2025-12-31,CMP001,271.63,26054,1710
2025-12-31,CMP002,973.48,36118,2016
2025-12-31,CMP003,876.66,20597,491
2025-12-31,CMP004,197.05,45827,2842
2025-12-31,CMP005,636.63,21771,1252
